name,version
amosqpspecialmealupdateruledata,5.34.0-B864
cateringreportformatjul2009,5.34.0-B864
ccceventchangerequest,5.34.0-B864
cccruledata,5.34.0-B864
crewmealsmessage,5.34.0-B864
fincateringchargesforflightorder,5.34.0-B864
fini001specificationpricing_nov2005,5.34.0-B864
fini002invoice_nov2005,5.34.0-B864
fini003flightstatistics_may2005,5.34.0-B864
fini004paymentauthorization_jul2005,5.34.0-B864
fini005flightprofitability,5.34.0-B864
fini006currencycodes_nov2005,5.34.0-B864
fini007budgetreport,5.34.0-B864
flightcancel,5.34.0-B864
flightcancellationrule,5.34.0-B864
genmonitormessage,5.34.0-B864
gmtransfer,5.34.0-B864
gptransfer,5.34.0-B864
ingredientvo,5.34.0-B864
invcpnlevels,5.34.0-B864
invdistordrcvd,5.34.0-B864
invi001cpndetailrequest_may2005,5.34.0-B864
invi002cpndetailresponse_may2005,5.34.0-B864
invi003approvedorders_jul2005,5.34.0-B864
invi004orderreceipt_jul2005,5.34.0-B864
invi005inventorylevel_may2005,5.34.0-B864
invi006revenuemanagement_jul2005,5.34.0-B864
invi007_specificationextract_jul2008,5.34.0-B864
invi008_purchasingagreement_jul2008,5.34.0-B864
invi009_facilityextract_jul2008,5.34.0-B864
invoiceprocess,5.34.0-B864
invoicerulesdatedata,5.34.0-B864
invordinv,5.34.0-B864
invtnfordrcvd,5.34.0-B864
invvndordrcvd,5.34.0-B864
ivci007_accountingcategories_jul2008,5.34.0-B864
menutextextract_apr2008,5.34.0-B864
openorder,5.34.0-B864
operationalalerts,5.34.0-B864
opsi001amosdetailrequest_may2005,5.34.0-B864
opsi001amosdetailrequesttoreceipting,5.34.0-B864
opsi001mealorderingpush,5.34.0-B864
opsi002amosdetailresponse_may2005,5.34.0-B864
opsi002camoscrewdetails_aug2012,5.34.0-B864
opsi003paxcountstores-dcs_may2005,5.34.0-B864
opsi004newforecasts_may2005,5.34.0-B864
opsi005amosfinalizedcounts_may2005,5.34.0-B864
opsi006flightexceptions_may2005,5.34.0-B864
opsi014cateringreports_jul2009,5.34.0-B864
packetchange,5.34.0-B864
packetreport,5.34.0-B864
paymentreport_fin001,5.34.0-B864
rggflightcancel,5.34.0-B864
rggflightupdate,5.34.0-B864
samosi002doubleprovboardingplan_nov2005,5.34.0-B864
sch007,5.34.0-B864
schequipmentconversionruledata,5.34.0-B864
schexp,5.34.0-B864
schi003_flightsummary_feb2007,5.34.0-B864
schi004_weightbalance_feb2007,5.34.0-B864
schi005_schedcompare_aug2008,5.34.0-B864
schr006tp6_jul2012_internal,5.34.0-B864
trendmonitor,5.34.0-B864
uaflifo,5.34.0-B864
updatedschedulingeventinfo,5.34.0-B864
updatedschedulingprocessingresult,5.34.0-B864
